-- phpMyAdmin SQL Dump
-- version 5.2.1
-- https://www.phpmyadmin.net/
--
-- Máy chủ: 127.0.0.1
-- Thời gian đã tạo: Th10 01, 2025 lúc 03:33 AM
-- Phiên bản máy phục vụ: 10.4.32-MariaDB
-- Phiên bản PHP: 8.2.12

SET SQL_MODE = "NO_AUTO_VALUE_ON_ZERO";
START TRANSACTION;
SET time_zone = "+00:00";


/*!40101 SET @OLD_CHARACTER_SET_CLIENT=@@CHARACTER_SET_CLIENT */;
/*!40101 SET @OLD_CHARACTER_SET_RESULTS=@@CHARACTER_SET_RESULTS */;
/*!40101 SET @OLD_COLLATION_CONNECTION=@@COLLATION_CONNECTION */;
/*!40101 SET NAMES utf8mb4 */;

--
-- Cơ sở dữ liệu: `typhoons`
--

-- --------------------------------------------------------

--
-- Cấu trúc bảng cho bảng `positions`
--

CREATE TABLE `positions` (
  `id` int(11) NOT NULL,
  `country` varchar(100) NOT NULL
) ENGINE=InnoDB DEFAULT CHARSET=utf8mb4 COLLATE=utf8mb4_general_ci;

--
-- Đang đổ dữ liệu cho bảng `positions`
--

INSERT INTO `positions` (`id`, `country`) VALUES
(1, 'Cambodia'),
(2, 'China'),
(3, 'DPR Korea'),
(4, 'HK, China'),
(5, 'Japan'),
(6, 'Laos PDR'),
(7, 'Macao, China'),
(8, 'Malaysia'),
(9, 'Micronesia'),
(10, 'Philippines'),
(11, 'RO Korea'),
(12, 'Thailand'),
(13, 'U.S.A.'),
(14, 'Vietnam'),
(15, 'Cambodia'),
(16, 'China'),
(17, 'DPR Korea'),
(18, 'HK, China'),
(19, 'Japan'),
(20, 'Laos PDR'),
(21, 'Macao, China'),
(22, 'Malaysia'),
(23, 'Micronesia'),
(24, 'Philippines'),
(25, 'RO Korea'),
(26, 'Thailand'),
(27, 'U.S.A.'),
(28, 'Vietnam'),
(29, 'Cambodia'),
(30, 'China'),
(31, 'DPR Korea'),
(32, 'HK, China'),
(33, 'Japan'),
(34, 'Laos PDR'),
(35, 'Macao, China'),
(36, 'Malaysia'),
(37, 'Micronesia'),
(38, 'Philippines'),
(39, 'RO Korea'),
(40, 'Thailand'),
(41, 'U.S.A.'),
(42, 'Vietnam'),
(43, 'Cambodia'),
(44, 'China'),
(45, 'DPR Korea'),
(46, 'HK, China'),
(47, 'Japan'),
(48, 'Laos PDR'),
(49, 'Macao, China'),
(50, 'Malaysia'),
(51, 'Micronesia'),
(52, 'Philippines'),
(53, 'RO Korea'),
(54, 'Thailand'),
(55, 'U.S.A.'),
(56, 'Vietnam'),
(57, 'Cambodia'),
(58, 'China'),
(59, 'DPR Korea'),
(60, 'HK, China'),
(61, 'Japan'),
(62, 'Laos PDR'),
(63, 'Macao, China'),
(64, 'Malaysia'),
(65, 'Micronesia'),
(66, 'Philippines'),
(67, 'RO Korea'),
(68, 'Thailand'),
(69, 'U.S.A.'),
(70, 'Vietnam'),
(71, 'Cambodia'),
(72, 'China'),
(73, 'DPR Korea'),
(74, 'HK, China'),
(75, 'Japan'),
(76, 'Laos PDR'),
(77, 'Macao, China'),
(78, 'Malaysia'),
(79, 'Micronesia'),
(80, 'Philippines'),
(81, 'RO Korea'),
(82, 'Thailand'),
(83, 'U.S.A.'),
(84, 'Vietnam'),
(85, 'Cambodia'),
(86, 'China'),
(87, 'DPR Korea'),
(88, 'HK, China'),
(89, 'Japan'),
(90, 'Laos PDR'),
(91, 'Macao, China'),
(92, 'Malaysia'),
(93, 'Micronesia'),
(94, 'Philippines'),
(95, 'RO Korea'),
(96, 'Thailand'),
(97, 'U.S.A.'),
(98, 'Vietnam'),
(99, 'Cambodia'),
(100, 'China'),
(101, 'DPR Korea'),
(102, 'HK, China'),
(103, 'Japan'),
(104, 'Laos PDR'),
(105, 'Macao, China'),
(106, 'Malaysia'),
(107, 'Micronesia'),
(108, 'Philippines'),
(109, 'RO Korea'),
(110, 'Thailand'),
(111, 'U.S.A.'),
(112, 'Vietnam'),
(113, 'Cambodia'),
(114, 'China'),
(115, 'DPR Korea'),
(116, 'HK, China'),
(117, 'Japan'),
(118, 'Laos PDR'),
(119, 'Macao, China'),
(120, 'Malaysia'),
(121, 'Micronesia'),
(122, 'Philippines'),
(123, 'RO Korea'),
(124, 'Thailand'),
(125, 'U.S.A.'),
(126, 'Vietnam'),
(127, 'Cambodia'),
(128, 'China'),
(129, 'DPR Korea'),
(130, 'HK, China'),
(131, 'Japan'),
(132, 'Laos PDR'),
(133, 'Macao, China'),
(134, 'Malaysia'),
(135, 'Micronesia'),
(136, 'Philippines'),
(137, 'RO Korea'),
(138, 'Thailand'),
(139, 'U.S.A.'),
(140, 'Vietnam'),
(141, 'CPHC (U.S.A)'),
(142, 'NHC (U.S.A)');

-- --------------------------------------------------------

--
-- Cấu trúc bảng cho bảng `storms`
--

CREATE TABLE `storms` (
  `id` int(11) NOT NULL,
  `position` int(11) NOT NULL,
  `name` varchar(100) NOT NULL,
  `intensity` enum('TD','TS','STS','1','2','3','4','5') NOT NULL,
  `year` int(11) NOT NULL,
  `isStrongest` tinyint(1) NOT NULL DEFAULT 0,
  `isFirst` tinyint(1) NOT NULL DEFAULT 0
) ENGINE=InnoDB DEFAULT CHARSET=utf8mb4 COLLATE=utf8mb4_general_ci;

--
-- Đang đổ dữ liệu cho bảng `storms`
--

INSERT INTO `storms` (`id`, `position`, `name`, `intensity`, `year`, `isStrongest`, `isFirst`) VALUES
(1, 1, 'Damrey', '5', 2000, 0, 1),
(2, 2, 'Longwang', 'TS', 2000, 0, 0),
(3, 3, 'Kirogi', '4', 2000, 0, 0),
(4, 4, 'Kai-tak', '1', 2000, 0, 0),
(5, 5, 'Tembin', 'TS', 2000, 0, 0),
(6, 6, 'Bolaven', 'STS', 2000, 0, 0),
(7, 7, 'Chanchu', 'TS', 2000, 0, 0),
(8, 8, 'Jelawat', '4', 2000, 0, 0),
(9, 9, 'Ewiniar', '1', 2000, 0, 0),
(10, 10, 'Bilis', '5', 2000, 1, 0),
(11, 11, 'Kaemi', 'TS', 2000, 0, 0),
(12, 12, 'Prapiroon', '1', 2000, 0, 0),
(13, 13, 'Maria', 'TS', 2000, 0, 0),
(14, 14, 'Saomai', '5', 2000, 0, 0),
(15, 15, 'Bopha', 'TS', 2000, 0, 0),
(16, 16, 'Wukong', '2', 2000, 0, 0),
(17, 17, 'Sonamu', '1', 2000, 0, 0),
(18, 18, 'Shanshan', '4', 2000, 0, 0),
(19, 19, 'Yagi', '3', 2000, 0, 0),
(20, 20, 'Xangsane', '2', 2000, 0, 0),
(21, 21, 'Bebinca', '2', 2000, 0, 0),
(22, 22, 'Rumbia', 'TS', 2000, 0, 0),
(23, 23, 'Soulik', '3', 2000, 0, 0),
(24, 24, 'Cimaron', 'STS', 2001, 0, 1),
(25, 25, 'Chebi', '3', 2001, 0, 0),
(26, 26, 'Durian', '1', 2001, 0, 0),
(27, 27, 'Utor', '1', 2001, 0, 0),
(28, 28, 'Trami', 'TS', 2001, 0, 0),
(29, 29, 'Kong-rey', '2', 2001, 0, 0),
(30, 30, 'Yutu', '2', 2001, 0, 0),
(31, 31, 'Toraji', '3', 2001, 0, 0),
(32, 32, 'Man-yi', '4', 2001, 0, 0),
(33, 33, 'Usagi', 'TS', 2001, 0, 0),
(34, 34, 'Pabuk', '2', 2001, 0, 0),
(35, 35, 'Wutip', '4', 2001, 0, 0),
(36, 36, 'Sepat', 'TS', 2001, 0, 0),
(37, 37, 'Fitow', 'TS', 2001, 0, 0),
(38, 38, 'Danas', '3', 2001, 0, 0),
(39, 39, 'Nari', '3', 2001, 0, 0),
(40, 40, 'Vipa', '1', 2001, 0, 0),
(41, 41, 'Francisco', '3', 2001, 0, 0),
(42, 42, 'Lekima', '2', 2001, 0, 0),
(43, 43, 'Krosa', '3', 2001, 0, 0),
(44, 44, 'Haiyan', '2', 2001, 0, 0),
(45, 45, 'Podul', '5', 2001, 0, 0),
(46, 46, 'Lingling', '4', 2001, 0, 0),
(47, 47, 'Kajiki', 'TS', 2001, 0, 0),
(48, 48, 'Faxai', '5', 2001, 1, 0),
(49, 49, 'Vamei', 'TS', 2001, 0, 0),
(50, 50, 'Tapah', 'TS', 2002, 0, 1),
(51, 51, 'Mitag', '5', 2002, 0, 0),
(52, 52, 'Hagibis', '5', 2002, 0, 0),
(53, 53, 'Noguri', '2', 2002, 0, 0),
(54, 54, 'Rammasun', '3', 2002, 0, 0),
(55, 55, 'Chataan', '4', 2002, 0, 0),
(56, 56, 'Halong', '4', 2002, 0, 0),
(57, 57, 'Nakri', 'STS', 2002, 0, 0),
(58, 58, 'Fengshen', '5', 2002, 1, 0),
(59, 59, 'Fung-wong', '1', 2002, 0, 0),
(60, 60, 'Kalmaegi', 'TD', 2002, 0, 0),
(61, 61, 'Kammuri', 'STS', 2002, 0, 0),
(62, 62, 'Phanfone', '4', 2002, 0, 0),
(63, 63, 'Vongfong', 'TS', 2002, 0, 0),
(64, 64, 'Rusa', '4', 2002, 0, 0),
(65, 65, 'Sinlaku', '3', 2002, 0, 0),
(66, 141, 'Ele', '4', 2002, 0, 0),
(67, 66, 'Hagupit', 'TS', 2002, 0, 0),
(68, 67, 'Changmi', 'TS', 2002, 0, 0),
(69, 68, 'Mekkhala', 'TS', 2002, 0, 0),
(70, 69, 'Higos', '4', 2002, 0, 0),
(71, 70, 'Bavi', '1', 2002, 0, 0),
(72, 71, 'Maysak', '1', 2002, 0, 0),
(73, 141, 'Huko', '1', 2002, 0, 0),
(74, 72, 'Haishen', '2', 2002, 0, 0),
(75, 73, 'Pongsona', '4', 2002, 0, 0),
(76, 74, 'Yanyan', 'TS', 2003, 0, 1),
(77, 75, 'Kujira', '4', 2003, 0, 0),
(78, 76, 'Chan-hom', '4', 2003, 0, 0),
(79, 77, 'Linfa', 'STS', 2003, 0, 0),
(80, 78, 'Nangka', 'STS', 2003, 0, 0),
(81, 79, 'Soudelor', '4', 2003, 0, 0),
(82, 80, 'Imbudo', '4', 2003, 0, 0),
(83, 81, 'Koni', '1', 2003, 0, 0),
(84, 82, 'Morakot', '1', 2003, 0, 0),
(85, 83, 'Etau', '3', 2003, 0, 0),
(86, 84, 'Vamco', 'TS', 2003, 0, 0),
(87, 85, 'Krovanh', '2', 2003, 0, 0),
(88, 86, 'Dujuan', '4', 2003, 0, 0),
(89, 87, 'Maemi', '5', 2003, 1, 0),
(90, 88, 'Choi-wan', '3', 2003, 0, 0),
(91, 89, 'Koppu', '2', 2003, 0, 0),
(92, 90, 'Ketsana', '4', 2003, 0, 0),
(93, 91, 'Parma', '4', 2003, 0, 0),
(94, 92, 'Melor', '1', 2003, 0, 0),
(95, 93, 'Nepartak', '1', 2003, 0, 0),
(96, 94, 'Lupit', '5', 2003, 0, 0),
(97, 95, 'Sudal', '4', 2004, 0, 1),
(98, 96, 'Nida', '5', 2004, 0, 0),
(99, 97, 'Omais', 'STS', 2004, 0, 0),
(100, 98, 'Conson', '3', 2004, 0, 0),
(101, 99, 'Chanthu', '1', 2004, 0, 0),
(102, 100, 'Dianmu', '5', 2004, 0, 0),
(103, 101, 'Mindulle', '4', 2004, 0, 0),
(104, 102, 'Tingting', '1', 2004, 0, 0),
(105, 103, 'Kompasu', 'TS', 2004, 0, 0),
(106, 104, 'Namtheun', '4', 2004, 0, 0),
(107, 105, 'Malou', 'TS', 2004, 0, 0),
(108, 106, 'Meranti', '2', 2004, 0, 0),
(109, 107, 'Rananim', '2', 2004, 0, 0),
(110, 108, 'Malakas', 'TS', 2004, 0, 0),
(111, 109, 'Megi', '1', 2004, 0, 0),
(112, 110, 'Chaba', '5', 2004, 1, 0),
(113, 111, 'Aere', '2', 2004, 0, 0),
(114, 112, 'Songda', '4', 2004, 0, 0),
(115, 113, 'Sarika', 'TS', 2004, 0, 0),
(116, 114, 'Haima', 'TS', 2004, 0, 0),
(117, 115, 'Meari', '4', 2004, 0, 0),
(118, 116, 'Ma-on', '5', 2004, 0, 0),
(119, 117, 'Tokage', '4', 2004, 0, 0),
(120, 118, 'Nock-ten', '3', 2004, 0, 0),
(121, 119, 'Muifa', '4', 2004, 0, 0),
(122, 120, 'Merbok', 'TS', 2004, 0, 0),
(123, 121, 'Nanmadol', '4', 2004, 0, 0),
(124, 122, 'Talas', 'TS', 2004, 0, 0),
(125, 123, 'Noru', 'TS', 2004, 0, 0),
(126, 124, 'Kulap', '1', 2005, 0, 1),
(127, 125, 'Roke', '1', 2005, 0, 0),
(128, 126, 'Sonca', '4', 2005, 0, 0),
(129, 127, 'Nesat', '4', 2005, 0, 0),
(130, 128, 'Haitang', '5', 2005, 1, 0),
(131, 129, 'Nalgae', 'TS', 2005, 0, 0),
(132, 130, 'Banyan', 'STS', 2005, 0, 0),
(133, 131, 'Washi', 'TS', 2005, 0, 0),
(134, 132, 'Matsa', '2', 2005, 0, 0),
(135, 133, 'Sanvu', '1', 2005, 0, 0),
(136, 134, 'Mawar', '4', 2005, 0, 0),
(137, 135, 'Guchol', '1', 2005, 0, 0),
(138, 136, 'Talim', '4', 2005, 0, 0),
(139, 137, 'Nabi', '5', 2005, 0, 0),
(140, 138, 'Khanun', '4', 2005, 0, 0),
(141, 139, 'Vicente', 'TS', 2005, 0, 0),
(142, 140, 'Saola', '3', 2005, 0, 0),
(143, 1, 'Damrey', '2', 2005, 0, 0),
(144, 2, 'Longwang', '4', 2005, 0, 0),
(145, 3, 'Kirogi', '4', 2005, 0, 0),
(146, 4, 'Kai-tak', '2', 2005, 0, 0),
(147, 5, 'Tembin', 'TS', 2005, 0, 0),
(148, 6, 'Bolaven', '1', 2005, 0, 0),
(149, 7, 'Chanchu', '4', 2006, 0, 1),
(150, 8, 'Jelawat', 'TS', 2006, 0, 0),
(151, 9, 'Ewiniar', '4', 2006, 0, 0),
(152, 10, 'Bilis', 'STS', 2006, 0, 0),
(153, 11, 'Kaemi', '1', 2006, 0, 0),
(154, 12, 'Prapiroon', '1', 2006, 0, 0),
(155, 13, 'Maria', 'STS', 2006, 0, 0),
(156, 14, 'Saomai', '5', 2006, 0, 0),
(157, 15, 'Bopha', 'STS', 2006, 0, 0),
(158, 16, 'Wukong', 'STS', 2006, 0, 0),
(159, 17, 'Sonamu', 'TS', 2006, 0, 0),
(160, 141, 'Ioke', '5', 2006, 0, 0),
(161, 18, 'Shanshan', '4', 2006, 0, 0),
(162, 19, 'Yagi', '5', 2006, 1, 0),
(163, 20, 'Xangsane', '4', 2006, 0, 0),
(164, 21, 'Bebinca', 'STS', 2006, 0, 0),
(165, 22, 'Rumbia', 'TD', 2006, 0, 0),
(166, 23, 'Soulik', '2', 2006, 0, 0),
(167, 24, 'Cimaron', '5', 2006, 0, 0),
(168, 25, 'Chebi', '4', 2006, 0, 0),
(169, 26, 'Durian', '4', 2006, 0, 0),
(170, 27, 'Utor', '3', 2006, 0, 0),
(171, 28, 'Trami', 'TD', 2006, 0, 0),
(172, 29, 'Kong-rey', '3', 2007, 0, 1),
(173, 30, 'Yutu', '4', 2007, 0, 0),
(174, 31, 'Toraji', 'TS', 2007, 0, 0),
(175, 32, 'Man-yi', '4', 2007, 0, 0),
(176, 33, 'Usagi', '4', 2007, 0, 0),
(177, 34, 'Pabuk', '1', 2007, 0, 0),
(178, 35, 'Wutip', 'TD', 2007, 0, 0),
(179, 36, 'Sepat', '5', 2007, 1, 0),
(180, 37, 'Fitow', '1', 2007, 0, 0),
(181, 38, 'Danas', '1', 2007, 0, 0),
(182, 39, 'Nari', '4', 2007, 0, 0),
(183, 40, 'Wipha', '4', 2007, 0, 0),
(184, 41, 'Francisco', 'TS', 2007, 0, 0),
(185, 42, 'Lekima', '1', 2007, 0, 0),
(186, 43, 'Krosa', '4', 2007, 0, 0),
(187, 44, 'Haiyan', 'TS', 2007, 0, 0),
(188, 45, 'Podul', 'STS', 2007, 0, 0),
(189, 46, 'Lingling', 'TS', 2007, 0, 0),
(190, 47, 'Kajiki', '4', 2007, 0, 0),
(191, 48, 'Faxai', 'TS', 2007, 0, 0),
(192, 49, 'Peipah', '1', 2007, 0, 0),
(193, 50, 'Tapah', 'TS', 2007, 0, 0),
(194, 51, 'Mitag', '2', 2007, 0, 0),
(195, 52, 'Hagibis', '1', 2007, 0, 0),
(196, 53, 'Neoguri', '3', 2008, 0, 1),
(197, 54, 'Rammasun', '4', 2008, 0, 0),
(198, 55, 'Matmo', 'STS', 2008, 0, 0),
(199, 56, 'Halong', '1', 2008, 0, 0),
(200, 57, 'Nakri', '4', 2008, 0, 0),
(201, 58, 'Fengshen', '3', 2008, 0, 0),
(202, 59, 'Kalmaegi', '2', 2008, 0, 0),
(203, 60, 'Fung-wong', '2', 2008, 0, 0),
(204, 61, 'Kammuri', 'STS', 2008, 0, 0),
(205, 62, 'Phanfone', 'STS', 2008, 0, 0),
(206, 63, 'Vongfong', 'STS', 2008, 0, 0),
(207, 64, 'Nuri', '3', 2008, 0, 0),
(208, 65, 'Sinlaku', '4', 2008, 0, 0),
(209, 66, 'Hagupit', '4', 2008, 0, 0),
(210, 67, 'Jangmi', '5', 2008, 1, 0),
(211, 68, 'Mekkhala', 'TS', 2008, 0, 0),
(212, 69, 'Higos', 'TS', 2008, 0, 0),
(213, 70, 'Bavi', 'TS', 2008, 0, 0),
(214, 71, 'Maysak', 'STS', 2008, 0, 0),
(215, 72, 'Haishen', 'TS', 2008, 0, 0),
(216, 73, 'Noul', 'TS', 2008, 0, 0),
(217, 74, 'Dolphin', '2', 2008, 0, 0),
(218, 75, 'Kujira', '4', 2009, 0, 1),
(219, 76, 'Chan-hom', '2', 2009, 0, 0),
(220, 77, 'Linfa', '1', 2009, 0, 0),
(221, 78, 'Nangka', 'TS', 2009, 0, 0),
(222, 79, 'Soudelor', 'TS', 2009, 0, 0),
(223, 80, 'Molave', '1', 2009, 0, 0),
(224, 81, 'Goni', 'TS', 2009, 0, 0),
(225, 82, 'Morakot', '1', 2009, 0, 0),
(226, 83, 'Etau', 'TS', 2009, 0, 0),
(227, 141, 'Maka', 'TS', 2009, 0, 0),
(228, 84, 'Vamco', '4', 2009, 0, 0),
(229, 85, 'Krovanh', '1', 2009, 0, 0),
(230, 86, 'Dujuan', 'STS', 2009, 0, 0),
(231, 87, 'Mujigae', 'TD', 2009, 0, 0),
(232, 89, 'Koppu', '1', 2009, 0, 0),
(233, 88, 'Choi-wan', '5', 2009, 0, 0),
(234, 90, 'Ketsana', '2', 2009, 0, 0),
(235, 91, 'Parma', '4', 2009, 0, 0),
(236, 92, 'Melor', '5', 2009, 0, 0),
(237, 93, 'Nepartak', 'TS', 2009, 0, 0),
(238, 94, 'Lupit', '5', 2009, 0, 0),
(239, 95, 'Mirinae', '2', 2009, 0, 0),
(240, 96, 'Nida', '5', 2009, 1, 0),
(241, 97, 'Omais', 'TS', 2010, 0, 1),
(242, 98, 'Conson', '1', 2010, 0, 0),
(243, 99, 'Chanthu', '1', 2010, 0, 0),
(244, 100, 'Dianmu', 'STS', 2010, 0, 0),
(245, 101, 'Mindulle', '1', 2010, 0, 0),
(246, 102, 'Lionrock', 'STS', 2010, 0, 0),
(247, 103, 'Kompasu', '3', 2010, 0, 0),
(248, 104, 'Namtheun', 'TS', 2010, 0, 0),
(249, 105, 'Malou', 'STS', 2010, 0, 0),
(250, 106, 'Meranti', '1', 2010, 0, 0),
(251, 107, 'Fanapi', '3', 2010, 0, 0),
(252, 108, 'Malakas', '2', 2010, 0, 0),
(253, 109, 'Megi', '5', 2010, 1, 0),
(254, 110, 'Chaba', '4', 2010, 0, 0),
(255, 141, 'Omeka', 'TS', 2010, 0, 0),
(256, 111, 'Aere', 'TS', 2011, 0, 1),
(257, 112, 'Songda', '5', 2011, 1, 0),
(258, 113, 'Sarika', 'TD', 2011, 0, 0),
(259, 114, 'Haima', 'TS', 2011, 0, 0),
(260, 115, 'Meari', 'STS', 2011, 0, 0),
(261, 116, 'Ma-on', '4', 2011, 0, 0),
(262, 117, 'Tokage', 'TD', 2011, 0, 0),
(263, 118, 'Nock-ten', '1', 2011, 0, 0),
(264, 119, 'Muifa', '5', 2011, 0, 0),
(265, 120, 'Merbok', '1', 2011, 0, 0),
(266, 121, 'Nanmadol', '5', 2011, 0, 0),
(267, 122, 'Talas', 'STS', 2011, 0, 0),
(268, 123, 'Noru', 'TS', 2011, 0, 0),
(269, 124, 'Kulap', 'TS', 2011, 0, 0),
(270, 125, 'Roke', '4', 2011, 0, 0),
(271, 126, 'Sonca', '2', 2011, 0, 0),
(272, 127, 'Nesat', '4', 2011, 0, 0),
(273, 128, 'Haitang', 'TS', 2011, 0, 0),
(274, 129, 'Nalgae', '4', 2011, 0, 0),
(275, 130, 'Banyan', 'TD', 2011, 0, 0),
(276, 131, 'Washi', 'STS', 2011, 0, 0),
(277, 132, 'Pakhar', 'TS', 2012, 0, 1),
(278, 133, 'Sanvu', '1', 2012, 0, 0),
(279, 134, 'Mawar', '3', 2012, 0, 0),
(280, 135, 'Guchol', '4', 2012, 0, 0),
(281, 136, 'Talim', 'STS', 2012, 0, 0),
(282, 137, 'Doksuri', 'TS', 2012, 0, 0),
(283, 138, 'Khanun', 'STS', 2012, 0, 0),
(284, 139, 'Vicente', '4', 2012, 0, 0),
(285, 140, 'Saola', '2', 2012, 0, 0),
(286, 1, 'Damrey', '1', 2012, 0, 0),
(287, 2, 'Haikui', '1', 2012, 0, 0),
(288, 3, 'Kirogi', 'TS', 2012, 0, 0),
(289, 4, 'Kai-tak', '1', 2012, 0, 0),
(290, 5, 'Tembin', '4', 2012, 0, 0),
(291, 6, 'Bolaven', '4', 2012, 0, 0),
(292, 7, 'Sanba', '5', 2012, 1, 0),
(293, 8, 'Jelawat', '5', 2012, 0, 0),
(294, 9, 'Ewiniar', 'STS', 2012, 0, 0),
(295, 10, 'Maliksi', 'STS', 2012, 0, 0),
(296, 11, 'Gaemi', 'STS', 2012, 0, 0),
(297, 12, 'Prapiroon', '3', 2012, 0, 0),
(298, 13, 'Maria', 'STS', 2012, 0, 0),
(299, 14, 'Son-Tinh', '3', 2012, 0, 0),
(300, 15, 'Bopha', '5', 2012, 0, 0),
(301, 16, 'Wukong', 'TS', 2012, 0, 0),
(302, 17, 'Sonamu', 'STS', 2013, 0, 1),
(303, 18, 'Shanshan', 'TD', 2013, 0, 0),
(304, 19, 'Yagi', 'TS', 2013, 0, 0),
(305, 20, 'Leepi', 'TS', 2013, 0, 0),
(306, 21, 'Bebinca', 'TS', 2013, 0, 0),
(307, 22, 'Rumbia', '1', 2013, 0, 0),
(308, 23, 'Soulik', '4', 2013, 0, 0),
(309, 24, 'Cimaron', 'TS', 2013, 0, 0),
(310, 25, 'Jebi', 'STS', 2013, 0, 0),
(311, 26, 'Mangkhut', 'TS', 2013, 0, 0),
(312, 27, 'Utor', '4', 2013, 0, 0),
(313, 28, 'Trami', '1', 2013, 0, 0),
(314, 141, 'Pewa', '1', 2013, 0, 0),
(315, 141, 'Unala', 'TD', 2013, 0, 0),
(316, 29, 'Kong-rey', 'STS', 2013, 0, 0),
(317, 30, 'Yutu', 'TD', 2013, 0, 0),
(318, 31, 'Toraji', 'STS', 2013, 0, 0),
(319, 32, 'Man-yi', 'STS', 2013, 0, 0),
(320, 33, 'Usagi', '4', 2013, 0, 0),
(321, 34, 'Pabuk', '2', 2013, 0, 0),
(322, 35, 'Wutip', '3', 2013, 0, 0),
(323, 36, 'Sepat', 'TS', 2013, 0, 0),
(324, 37, 'Fitow', '2', 2013, 0, 0),
(325, 38, 'Danas', '4', 2013, 0, 0),
(326, 39, 'Nari', '3', 2013, 0, 0),
(327, 40, 'Wipha', '4', 2013, 0, 0),
(328, 41, 'Francisco', '5', 2013, 0, 0),
(329, 42, 'Lekima', '5', 2013, 0, 0),
(330, 43, 'Krosa', '3', 2013, 0, 0),
(331, 44, 'Haiyan', '5', 2013, 1, 0),
(332, 45, 'Podul', 'TD', 2013, 0, 0),
(333, 46, 'Lingling', 'TD', 2014, 0, 1),
(334, 47, 'Kajiki', 'TS', 2014, 0, 0),
(335, 48, 'Faxai', '1', 2014, 0, 0),
(336, 49, 'Peipah', 'TS', 2014, 0, 0),
(337, 50, 'Tapah', '1', 2014, 0, 0),
(338, 51, 'Mitag', 'TS', 2014, 0, 0),
(339, 52, 'Hagibis', 'TS', 2014, 0, 0),
(340, 53, 'Neoguri', '5', 2014, 0, 0),
(341, 54, 'Rammasun', '5', 2014, 0, 0),
(342, 55, 'Matmo', '2', 2014, 0, 0),
(343, 56, 'Halong', '5', 2014, 0, 0),
(344, 57, 'Nakri', 'STS', 2014, 0, 0),
(345, 142, 'Genevieve', '5', 2014, 0, 0),
(346, 58, 'Fengshen', '1', 2014, 0, 0),
(347, 59, 'Kalmaegi', '1', 2014, 0, 0),
(348, 60, 'Fung-wong', 'TS', 2014, 0, 0),
(349, 61, 'Kammuri', 'STS', 2014, 0, 0),
(350, 62, 'Phanfone', '4', 2014, 0, 0),
(351, 63, 'Vongfong', '5', 2014, 1, 0),
(352, 64, 'Nuri', '5', 2014, 0, 0),
(353, 65, 'Sinlaku', 'TS', 2014, 0, 0),
(354, 66, 'Hagupit', '5', 2014, 0, 0),
(355, 67, 'Jangmi', 'TS', 2014, 0, 0),
(356, 68, 'Mekkhala', '1', 2015, 0, 1),
(357, 69, 'Higos', '4', 2015, 0, 0),
(358, 70, 'Bavi', 'TS', 2015, 0, 0),
(359, 71, 'Maysak', '5', 2015, 0, 0),
(360, 72, 'Haishen', 'TS', 2015, 0, 0),
(361, 73, 'Noul', '5', 2015, 0, 0),
(362, 74, 'Dolphin', '5', 2015, 0, 0),
(363, 75, 'Kujira', 'TS', 2015, 0, 0),
(364, 76, 'Chan-hom', '4', 2015, 0, 0),
(365, 77, 'Linfa', '1', 2015, 0, 0),
(366, 78, 'Nangka', '4', 2015, 0, 0),
(367, 141, 'Halola', '2', 2015, 0, 0),
(368, 79, 'Soudelor', '5', 2015, 1, 0),
(369, 80, 'Molave', 'TS', 2015, 0, 0),
(370, 81, 'Goni', '4', 2015, 0, 0),
(371, 82, 'Atsani', '5', 2015, 0, 0),
(372, 141, 'Kilo', '2', 2015, 0, 0),
(373, 83, 'Etau', 'STS', 2015, 0, 0),
(374, 84, 'Vamco', 'TS', 2015, 0, 0),
(375, 85, 'Krovanh', '3', 2015, 0, 0),
(376, 86, 'Dujuan', '4', 2015, 0, 0),
(377, 87, 'Mujigae', '4', 2015, 0, 0),
(378, 88, 'Choi-wan', '1', 2015, 0, 0),
(379, 89, 'Koppu', '4', 2015, 0, 0),
(380, 90, 'Champi', '4', 2015, 0, 0),
(381, 91, 'In-fa', '4', 2015, 0, 0),
(382, 92, 'Melor', '4', 2015, 0, 0),
(383, 93, 'Nepartak', '5', 2016, 0, 1),
(384, 94, 'Lupit', 'TS', 2016, 0, 0),
(385, 95, 'Mirinae', '1', 2016, 0, 0),
(386, 96, 'Nida', '1', 2016, 0, 0),
(387, 97, 'Omais', '1', 2016, 0, 0),
(388, 98, 'Conson', 'TS', 2016, 0, 0),
(389, 99, 'Chanthu', 'STS', 2016, 0, 0),
(390, 100, 'Dianmu', 'TS', 2016, 0, 0),
(391, 101, 'Mindulle', '1', 2016, 0, 0),
(392, 102, 'Lionrock', '4', 2016, 0, 0),
(393, 103, 'Kompasu', 'TS', 2016, 0, 0),
(394, 104, 'Namtheun', '3', 2016, 0, 0),
(395, 105, 'Malou', 'TS', 2016, 0, 0),
(396, 106, 'Meranti', '5', 2016, 1, 0),
(397, 107, 'Rai', 'TD', 2016, 0, 0),
(398, 108, 'Malakas', '4', 2016, 0, 0),
(399, 109, 'Megi', '4', 2016, 0, 0),
(400, 110, 'Chaba', '5', 2016, 0, 0),
(401, 112, 'Songda', '4', 2016, 0, 0),
(402, 111, 'Aere', 'STS', 2016, 0, 0),
(403, 113, 'Sarika', '4', 2016, 0, 0),
(404, 114, 'Haima', '5', 2016, 0, 0),
(405, 115, 'Meari', '2', 2016, 0, 0),
(406, 116, 'Ma-on', 'TS', 2016, 0, 0),
(407, 117, 'Tokage', '1', 2016, 0, 0),
(408, 118, 'Nock-ten', '5', 2016, 0, 0),
(409, 119, 'Muifa', 'TS', 2017, 0, 1),
(410, 120, 'Merbok', 'STS', 2017, 0, 0),
(411, 121, 'Nanmadol', '1', 2017, 0, 0),
(412, 122, 'Talas', 'STS', 2017, 0, 0),
(413, 123, 'Noru', '4', 2017, 0, 0),
(414, 124, 'Kulap', 'TS', 2017, 0, 0),
(415, 125, 'Roke', 'TS', 2017, 0, 0),
(416, 126, 'Sonca', 'TS', 2017, 0, 0),
(417, 127, 'Nesat', '2', 2017, 0, 0),
(418, 128, 'Haitang', 'TS', 2017, 0, 0),
(419, 129, 'Nalgae', 'TS', 2017, 0, 0),
(420, 130, 'Banyan', '3', 2017, 0, 0),
(421, 131, 'Hato', '3', 2017, 0, 0),
(422, 132, 'Pakhar', 'STS', 2017, 0, 0),
(423, 133, 'Sanvu', '2', 2017, 0, 0),
(424, 134, 'Mawar', 'STS', 2017, 0, 0),
(425, 135, 'Guchol', 'TD', 2017, 0, 0),
(426, 136, 'Talim', '4', 2017, 0, 0),
(427, 137, 'Doksuri', '2', 2017, 0, 0),
(428, 138, 'Khanun', '2', 2017, 0, 0),
(429, 139, 'Lan', '4', 2017, 1, 0),
(430, 140, 'Saola', '1', 2017, 0, 0),
(431, 1, 'Damrey', '2', 2017, 0, 0),
(432, 2, 'Haikui', 'TS', 2017, 0, 0),
(433, 3, 'Kirogi', 'TS', 2017, 0, 0),
(434, 4, 'Kai-tak', 'TS', 2017, 0, 0),
(435, 5, 'Tembin', '2', 2017, 0, 0),
(436, 6, 'Bolaven', 'TS', 2018, 0, 1),
(437, 7, 'Sanba', 'TS', 2018, 0, 0),
(438, 8, 'Jelawat', '4', 2018, 0, 0),
(439, 9, 'Ewiniar', 'TS', 2018, 0, 0),
(440, 10, 'Maliksi', 'STS', 2018, 0, 0),
(441, 11, 'Gaemi', 'TS', 2018, 0, 0),
(442, 12, 'Prapiroon', '1', 2018, 0, 0),
(443, 13, 'Maria', '5', 2018, 0, 0),
(444, 14, 'Son-Tinh', 'TS', 2018, 0, 0),
(445, 15, 'Ampil', 'STS', 2018, 0, 0),
(446, 16, 'Wukong', '1', 2018, 0, 0),
(447, 17, 'Jongdari', '2', 2018, 0, 0),
(448, 18, 'Shanshan', '2', 2018, 0, 0),
(449, 19, 'Yagi', 'TS', 2018, 0, 0),
(450, 20, 'Leepi', '1', 2018, 0, 0),
(451, 21, 'Bebinca', 'TS', 2018, 0, 0),
(452, 142, 'Hector', 'TS', 2018, 0, 0),
(453, 22, 'Rumbia', 'TS', 2018, 0, 0),
(454, 23, 'Soulik', '3', 2018, 0, 0),
(455, 24, 'Cimaron', '4', 2018, 0, 0),
(456, 25, 'Jebi', '5', 2018, 0, 0),
(457, 26, 'Mangkhut', '5', 2018, 0, 0),
(458, 27, 'Barijat', 'TS', 2018, 0, 0),
(459, 28, 'Trami', '5', 2018, 0, 0),
(460, 29, 'Kong-rey', '5', 2018, 1, 0),
(461, 30, 'Yutu', '5', 2018, 1, 0),
(462, 31, 'Usagi', '2', 2018, 0, 0),
(463, 32, 'Toraji', 'TD', 2018, 0, 0),
(464, 33, 'Man-yi', '2', 2018, 0, 0),
(465, 34, 'Pabuk', 'TS', 2019, 0, 1),
(466, 35, 'Wutip', '5', 2019, 0, 0),
(467, 36, 'Sepat', 'TS', 2019, 0, 0),
(468, 37, 'Mun', 'TS', 2019, 0, 0),
(469, 38, 'Danas', 'TS', 2019, 0, 0),
(470, 39, 'Nari', 'TS', 2019, 0, 0),
(471, 40, 'Wipha', 'TS', 2019, 0, 0),
(472, 41, 'Francisco', '1', 2019, 0, 0),
(473, 42, 'Lekima', '4', 2019, 0, 0),
(474, 43, 'Krosa', '3', 2019, 0, 0),
(475, 44, 'Bailu', 'STS', 2019, 0, 0),
(476, 45, 'Podul', 'TS', 2019, 0, 0),
(477, 46, 'Kajiki', 'TS', 2019, 0, 0),
(478, 47, 'Lingling', '4', 2019, 0, 0),
(479, 48, 'Faxai', '4', 2019, 0, 0),
(480, 49, 'Peipah', 'TS', 2019, 0, 0),
(481, 50, 'Tapah', '1', 2019, 0, 0),
(482, 51, 'Mitag', '2', 2019, 0, 0),
(483, 52, 'Hagibis', '5', 2019, 0, 0),
(484, 53, 'Neoguri', '2', 2019, 0, 0),
(485, 54, 'Bualoi', '5', 2019, 0, 0),
(486, 55, 'Matmo', 'STS', 2019, 0, 0),
(487, 56, 'Halong', '5', 2019, 1, 0),
(488, 57, 'Nakri', '1', 2019, 0, 0),
(489, 58, 'Fengshen', '4', 2019, 0, 0),
(490, 59, 'Kalmaegi', '2', 2019, 0, 0),
(491, 60, 'Fung-wong', '1', 2019, 0, 0),
(492, 61, 'Kammuri', '4', 2019, 0, 0),
(493, 62, 'Phanfone', '3', 2019, 0, 0),
(494, 63, 'Vongfong', '3', 2020, 0, 1),
(495, 64, 'Nuri', 'TS', 2020, 0, 0),
(496, 65, 'Sinlaku', 'TS', 2020, 0, 0),
(497, 66, 'Hagupit', '1', 2020, 0, 0),
(498, 67, 'Jangmi', 'TS', 2020, 0, 0),
(499, 68, 'Mekkhala', '1', 2020, 0, 0),
(500, 69, 'Higos', 'STS', 2020, 0, 0),
(501, 70, 'Bavi', '3', 2020, 0, 0),
(502, 71, 'Maysak', '4', 2020, 0, 0),
(503, 72, 'Haishen', '4', 2020, 0, 0),
(504, 73, 'Noul', 'TS', 2020, 0, 0),
(505, 74, 'Dolphin', 'STS', 2020, 0, 0),
(506, 75, 'Kujira', '1', 2020, 0, 0),
(507, 76, 'Chan-hom', '1', 2020, 0, 0),
(508, 77, 'Linfa', 'TS', 2020, 0, 0),
(509, 78, 'Nangka', 'TS', 2020, 0, 0),
(510, 79, 'Saudel', '1', 2020, 0, 0),
(511, 80, 'Molave', '3', 2020, 0, 0),
(512, 81, 'Goni', '5', 2020, 1, 0),
(513, 82, 'Atsani', 'STS', 2020, 0, 0),
(514, 83, 'Etau', 'TS', 2020, 0, 0),
(515, 84, 'Vamco', '4', 2020, 0, 0),
(516, 85, 'Krovanh', 'TD', 2020, 0, 0),
(517, 86, 'Dujuan', 'TS', 2021, 0, 1),
(518, 87, 'Surigae', '5', 2021, 1, 0),
(519, 88, 'Choi-wan', 'TS', 2021, 0, 0),
(520, 89, 'Koguma', 'TS', 2021, 0, 0),
(521, 90, 'Champi', '1', 2021, 0, 0),
(522, 91, 'In-fa', '2', 2021, 0, 0),
(523, 92, 'Cempaka', '1', 2021, 0, 0),
(524, 93, 'Nepartak', 'TS', 2021, 0, 0),
(525, 94, 'Lupit', 'TS', 2021, 0, 0),
(526, 95, 'Mirinae', 'STS', 2021, 0, 0),
(527, 96, 'Nida', 'STS', 2021, 0, 0),
(528, 97, 'Omais', 'TS', 2021, 0, 0),
(529, 98, 'Conson', '1', 2021, 0, 0),
(530, 99, 'Chanthu', '5', 2021, 0, 0),
(531, 100, 'Mindulle', '5', 2021, 0, 0),
(532, 101, 'Dianmu', 'TS', 2021, 0, 0),
(533, 102, 'Lionrock', 'TS', 2021, 0, 0),
(534, 103, 'Kompasu', 'STS', 2021, 0, 0),
(535, 104, 'Namtheun', 'STS', 2021, 0, 0),
(536, 105, 'Malou', '2', 2021, 0, 0),
(537, 106, 'Nyatoh', '4', 2021, 0, 0),
(538, 107, 'Rai', '5', 2021, 0, 0),
(539, 108, 'Malakas', '3', 2022, 0, 1),
(540, 109, 'Megi', 'TS', 2022, 0, 0),
(541, 110, 'Chaba', '1', 2022, 0, 0),
(542, 111, 'Aere', 'TS', 2022, 0, 0),
(543, 112, 'Songda', 'TD', 2022, 0, 0),
(544, 113, 'Trases', 'TS', 2022, 0, 0),
(545, 114, 'Mulan', 'TS', 2022, 0, 0),
(546, 115, 'Meari', 'TS', 2022, 0, 0),
(547, 116, 'Ma-on', '1', 2022, 0, 0),
(548, 117, 'Tokage', '2', 2022, 0, 0),
(549, 118, 'Hinnamnor', '5', 2022, 0, 0),
(550, 119, 'Muifa', '3', 2022, 0, 0),
(551, 120, 'Merbok', '1', 2022, 0, 0),
(552, 121, 'Nanmadol', '4', 2022, 1, 0),
(553, 122, 'Talas', 'TS', 2022, 0, 0),
(554, 123, 'Noru', '5', 2022, 0, 0),
(555, 124, 'Kulap', '1', 2022, 0, 0),
(556, 125, 'Roke', '2', 2022, 0, 0),
(557, 126, 'Sonca', 'TS', 2022, 0, 0),
(558, 127, 'Nesat', '2', 2022, 0, 0),
(559, 128, 'Haitang', 'TS', 2022, 0, 0),
(560, 129, 'Nalgae', '1', 2022, 0, 0),
(561, 130, 'Banyan', 'TS', 2022, 0, 0),
(562, 131, 'Yamaneko', 'TS', 2022, 0, 0),
(563, 132, 'Pakhar', 'TS', 2022, 0, 0),
(564, 133, 'Sanvu', 'TS', 2023, 0, 1),
(565, 134, 'Mawar', '5', 2023, 1, 0),
(566, 135, 'Guchol', '2', 2023, 0, 0),
(567, 136, 'Talim', '1', 2023, 0, 0),
(568, 137, 'Doksuri', '4', 2023, 0, 0),
(569, 138, 'Khanun', '4', 2023, 0, 0),
(570, 139, 'Lan', '4', 2023, 0, 0),
(571, 142, 'Dora', '2', 2023, 0, 0),
(572, 140, 'Saola', '5', 2023, 0, 0),
(573, 1, 'Damrey', 'TS', 2023, 0, 0),
(574, 2, 'Haikui', '3', 2023, 0, 0),
(575, 3, 'Kirogi', '1', 2023, 0, 0),
(576, 4, 'Yun-yeung', 'TS', 2023, 0, 0),
(577, 5, 'Koinu', '4', 2023, 0, 0),
(578, 6, 'Bolaven', '5', 2023, 0, 0),
(579, 7, 'Sanba', 'TS', 2023, 0, 0),
(580, 8, 'Jelawat', 'TD', 2023, 0, 0),
(581, 9, 'Ewiniar', '2', 2024, 0, 1),
(582, 10, 'Maliksi', 'TD', 2024, 0, 0),
(583, 11, 'Gaemi', '4', 2024, 0, 0),
(584, 12, 'Prapiroon', 'STS', 2024, 0, 0),
(585, 13, 'Maria', '1', 2024, 0, 0),
(586, 14, 'Son-Tinh', 'TS', 2024, 0, 0),
(587, 15, 'Ampil', '3', 2024, 0, 0),
(588, 16, 'Wukong', 'TD', 2024, 0, 0),
(589, 17, 'Jongdari', 'TS', 2024, 0, 0),
(590, 18, 'Shanshan', '4', 2024, 0, 0),
(591, 19, 'Yagi', '5', 2024, 1, 0),
(592, 20, 'Leepi', 'TS', 2024, 0, 0),
(593, 21, 'Bebinca', '1', 2024, 0, 0),
(594, 22, 'Pulasan', 'TS', 2024, 0, 0),
(595, 23, 'Soulik', 'TS', 2024, 0, 0),
(596, 24, 'Cimaron', 'TD', 2024, 0, 0),
(597, 25, 'Jebi', '1', 2024, 0, 0),
(598, 26, 'Krathon', '4', 2024, 0, 0),
(599, 27, 'Barijat', 'TS', 2024, 0, 0),
(600, 28, 'Trami', '1', 2024, 0, 0),
(601, 29, 'Kong-rey', '5', 2024, 0, 0),
(602, 30, 'Yinxing', '4', 2024, 0, 0),
(603, 32, 'Man-yi', '5', 2024, 0, 0),
(604, 31, 'Toraji', '1', 2024, 0, 0),
(605, 33, 'Usagi', '4', 2024, 0, 0),
(606, 34, 'Pabuk', 'TD', 2024, 0, 0),
(607, 35, 'Wutip', '1', 2025, 0, 1),
(608, 36, 'Sepat', 'TS', 2025, 0, 0),
(609, 37, 'Mun', 'STS', 2025, 0, 0),
(610, 38, 'Danas', '3', 2025, 0, 0),
(611, 39, 'Nari', 'TS', 2025, 0, 0),
(612, 40, 'Wipha', '1', 2025, 0, 0),
(613, 41, 'Francisco', 'TS', 2025, 0, 0),
(614, 42, 'Co-may', '1', 2025, 0, 0),
(615, 43, 'Krosa', '1', 2025, 0, 0),
(616, 44, 'Bailu', 'TS', 2025, 0, 0),
(617, 141, 'Iona', 'TD', 2025, 0, 0),
(618, 45, 'Podul', '2', 2025, 0, 0),
(619, 46, 'Lingling', 'TS', 2025, 0, 0),
(620, 47, 'Kajiki', '2', 2025, 0, 0),
(621, 48, 'Nongfa', 'TS', 2025, 0, 0),
(622, 49, 'Peipah', 'TS', 2025, 0, 0),
(623, 50, 'Tapah', '1', 2025, 0, 0),
(624, 51, 'Mitag', 'TS', 2025, 0, 0),
(625, 52, 'Ragasa', '5', 2025, 0, 0),
(626, 53, 'Neoguri', '4', 2025, 1, 0),
(627, 54, 'Bualoi', '2', 2025, 0, 0),
(628, 55, 'Matmo', '2', 2025, 0, 0),
(629, 56, 'Halong', '4', 2025, 0, 0),
(630, 57, 'Nakri', '1', 2025, 0, 0),
(631, 58, 'Fengshen', 'STS', 2025, 0, 0),
(632, 141, 'Hone', 'TD', 2023, 0, 0);

-- --------------------------------------------------------

--
-- Cấu trúc bảng cho bảng `suggestednames`
--

CREATE TABLE `suggestednames` (
  `id` int(11) NOT NULL,
  `nameId` int(11) NOT NULL,
  `replacementName` varchar(100) NOT NULL,
  `meaning` varchar(255) DEFAULT NULL,
  `isChosen` tinyint(1) NOT NULL DEFAULT 0
) ENGINE=InnoDB DEFAULT CHARSET=utf8mb4 COLLATE=utf8mb4_general_ci;

--
-- Đang đổ dữ liệu cho bảng `suggestednames`
--

INSERT INTO `suggestednames` (`id`, `nameId`, `replacementName`, `meaning`, `isChosen`) VALUES
(2, 131, 'Hato', 'Columba, pigeon', 1),
(3, 131, 'Hakucho', 'Cygnus, swan', 0),
(4, 131, 'Kujaku', 'Pavo, peacock', 0),
(5, 15, 'Ampil', 'Tamarind', 1),
(6, 15, 'Koulen', 'Litchi', 0),
(7, 15, 'Kandieng', 'Sapphire', 0),
(8, 27, 'Barijat', 'Marshallese for coastal areas impacted by waves/winds', 1),
(9, 27, 'Koto', 'Marshallese for wind', 0),
(10, 27, 'Kitak', 'Marshallese for westerly monsoon', 0),
(11, 37, 'Mun', 'Yapese for month of June', 1),
(12, 37, 'Yolyol', 'Ulithian for month of July', 0),
(13, 37, 'Yiich', 'Woleai for month of September', 0),
(14, 139, 'Lan', 'Marshallese for storm', 1),
(15, 139, 'Wot', 'Marshallese for rainshowers', 0),
(16, 139, 'Aeet', 'Marshallese for ocean current', 0),
(17, 44, 'Bailu', 'A white deer, which stands for auspiciousness in Chinese language', 1),
(18, 44, 'Bugu', 'A bird, the call of which sounds like \'bugu\', reminding people of the approaching period of tillage', 0),
(19, 44, 'Banzhu', 'A bamboo that is mottled with streaks', 0),
(20, 17, 'Jongdari', 'Skylark', 1),
(21, 17, 'Bidulgi', 'Pigeon', 0),
(22, 17, 'Osori', 'Badger', 0),
(23, 54, 'Bualoi', 'A kind of Thai dessert', 1),
(24, 54, 'Phatthai', 'Thai style fried noodles', 0),
(25, 54, 'Somtam', 'Spicy papaya salad', 0),
(26, 79, 'Saudel', 'Chief Soudelor\'s trusted guard/soldier', 1),
(27, 79, 'Lepen', 'Chief Soudelor\'s trusted guard/soldier', 0),
(28, 79, 'Dauk', 'Chief Soudelor\'s trusted guard/soldier', 0),
(29, 79, 'Eniar', 'Chief Soudelor\'s trusted guard/soldier', 0),
(30, 79, 'Namadau', 'Chief Soudelor\'s trusted guard/soldier', 0),
(31, 147, 'Surigae', 'A kind of eagles', 1),
(32, 147, 'Dulgukhwa', 'A wild chamomile', 0),
(33, 147, 'Pado', 'Wave', 0),
(34, 92, 'Cempaka', 'Plant that known for its fragrant flowers', 1),
(35, 92, 'Seroja', 'Plant that commonly cultivated in water gardens / an aquatic perennial, nelumbo nucifera', 0),
(36, 92, 'Dahlia', 'Plant that commonly cultivated for its brightly colored single or double flowers and grown as garden plant', 0),
(37, 89, 'Koguma', 'Ursa Minor, little bear', 1),
(38, 89, 'Hakucho', 'Cygnus, swan', 0),
(39, 89, 'Koinu', 'Canis Minor, puppy', 0),
(40, 114, 'Mulan', 'A kind of flower', 1),
(41, 114, 'Fengling', 'Wind chime, which can make sound in the wind, symbolize caution and benediction', 0),
(42, 114, 'Tianma', 'A Chinese ancient heavenly steed souring across the sky and running on the ground', 0),
(43, 113, 'Trases', 'Woodpecker', 1),
(44, 113, 'Rompe', 'Seagull', 0),
(45, 113, 'Kantheay', 'Shelled Turtle', 0),
(46, 106, 'Nyatoh', 'A type of tree, palaquium, payena', 1),
(47, 106, 'Jati', 'Tectona grandis', 0),
(48, 106, 'Merbau', 'Intsia palembanica', 0),
(49, 118, 'Hinnamnor', 'Name of the National Protected Area', 1),
(50, 118, 'Xebangfai', 'Name of a river', 0),
(51, 118, 'Dokkhoun', 'A kind of flower, indicator of Pi May festival', 0),
(52, 5, 'Koinu', 'Canis Minor, puppy', 1),
(53, 5, 'Kujaku', 'Pavo, peacock', 0),
(54, 5, 'Otome', 'Virgo, maiden', 0),
(55, 163, 'Yamaneko', 'Lynx, wildcat', 1),
(56, 163, 'Tokei', 'Horologium, clock', 0),
(57, 163, 'Sankaku', 'Triangulum, triangle', 0),
(58, 4, 'Yun-yeung', 'A species of duck (Aix galericulata), also the vernacular name of a popular drink in Hong Kong prepared by mixing tea with coffee', 1),
(59, 4, 'Lu-feng', 'The old name of the highest peak on Hong Kong Island, which is an internationally famous tourist spot of Hong Kong', 0),
(60, 4, 'Tai-gik', 'A popular form of Chinese martial art in Hong Kong, practised for health and longevity', 0),
(61, 158, 'Krathon', 'A kind of fruit, santol', 1),
(62, 158, 'Phatthai', 'Thai style fried noodles', 0),
(63, 158, 'Kaphrao', 'A kind of herb, holy basil', 0),
(64, 22, 'Pulasan', 'A kind of fruit, nephelium mutabile', 1),
(65, 22, 'Petai', 'Bitter bean', 0),
(66, 22, 'Rotan', 'Rattan', 0),
(67, 30, 'Yinxing', 'A kind of tree', 1),
(68, 30, 'Bailongma', 'A character from the renowned novel \"Journey to the West\"', 0),
(69, 30, 'Ziwei', 'A kind of flower', 0),
(70, 61, 'Koto', 'Lyra, harp', 1),
(71, 61, 'Ryu', 'Draco, dragon', 0),
(72, 61, 'Tokei', 'Horologium, clock', 0),
(73, 48, 'Nongfa', 'Name of a volcanic crater lake in Laos PDR, naming Blue lake', 1),
(74, 48, 'Phoubia', 'The highest mountain in Laos', 0),
(75, 48, 'Xekatam', 'A waterfall', 0),
(76, 62, 'Nokaen', 'Name of bird, swallow', 1),
(77, 62, 'Dokchampa', 'The national flower of Laos', 0),
(78, 62, 'Seuakhong', 'Tiger', 0),
(79, 52, 'Ragasa', 'Sudden quickening of movement', 1),
(80, 52, 'Tamaraw', 'Small hoofed mammal, only endemic Philippines bovine', 0),
(81, 52, 'Kusog', 'Having great power of force, potency or effect', 0),
(82, 42, 'Co-may', 'A kind of grass (chrysopogon aciculatus)', 1),
(83, 42, 'Bang-Lang', 'A kind of flower', 0),
(84, 42, 'Hoa-sim', 'A kind of flower, rhodomyrtus tomentosa', 0),
(85, 77, 'Peilou', 'Name of bird', 1),
(86, 77, 'Patuá', 'A Portuguese-based language originally spoken by the Macanese community in Macao', 0),
(87, 77, 'Paochok', 'A handicraft firecracker industry emerged in Macao in the 1950s-1960s', 0),
(88, 63, 'Penha', 'Place name in Macao, China', 1),
(89, 63, 'Choilong', 'A traditional festival activity in Macao', 0),
(90, 63, 'Longyamen', 'Another name of Macao in Ming Dynasty', 0),
(91, 146, 'Narra', 'A kind of tree (pterocarpus)', 1),
(92, 146, 'Kusog', 'Strength', 0),
(93, 146, 'Giting', 'Heroism', 0),
(94, 81, 'Gaenari', 'A kind of flower (forsythias)', 1),
(95, 81, 'Sora', 'A type of sea snail living in a shell', 0),
(96, 81, 'Garion', 'A white horse with black mane', 0),
(97, 84, 'Bang-Lang', 'A kind of flower', 1),
(98, 84, 'Hoa-sim', 'A kind of flower, rhodomyrtus tomentosa', 0),
(99, 84, 'Luc-binh', 'A kind of flower', 0),
(100, 129, 'Jamjari', 'A dragonfly', 1),
(101, 129, 'Sasum', 'A deer', 0),
(102, 129, 'Kumsong', 'Venus', 0),
(103, 116, 'Tsing-ma', 'A landmark bridge connecting the airport and urban areas in Hong Kong', 1),
(104, 116, 'Milktea', 'A popular drink in Hong Kong', 0),
(105, 116, 'Fo-lung', 'Fire dragon dance in a traditional Mid-Autumn festival event in Hong Kong', 0),
(106, 103, 'Tokei', 'Horologium, clock', 1),
(107, 103, 'Karasu', 'Corvus, crew', 0),
(108, 103, 'Tobiuo', 'Volans, flying fish', 0),
(109, 178, 'Ong-mang', 'Eld’s Deer', 1),
(110, 178, 'Xe-katam', 'The name of a waterfall', 0),
(111, 178, 'Dok-phout', 'The name of a flower (crepe-jasmine)', 0),
(112, 108, 'Amuyao', 'A mountain in Mountain Province, Philippines', 1),
(113, 108, 'Callao', 'A prehistoric limestone cave in Cagayan, Philippines', 0),
(114, 108, 'Mingan', 'A mountain in the Sierra Madre Range, Aurora, Philippines', 0),
(115, 109, 'Gosari', 'Bracken', 1),
(116, 109, 'Bandi', 'Firefly', 0),
(117, 109, 'Maru', 'Cupola', 0),
(118, 123, 'Hodu', 'Walnut', 1),
(119, 123, 'Durumi', 'Crane', 0),
(120, 123, 'Minari', 'Dropwort', 0),
(121, 162, 'Sarbul', 'Monsoon, rainy season', 1),
(122, 162, 'Marwarn', 'Eye', 0),
(123, 162, 'Gonop', 'Planning ahead', 0),
(124, 162, 'Wa’ab', 'Traditional name for Yap', 0),
(125, 162, 'Rumea', 'Native plant, flower used to Leis', 0),
(126, 98, 'Luc-binh', 'A kind of flower', 1),
(127, 98, 'Hoa-sim', 'A kind of flower, rhodomyrtus tomentosa', 0),
(128, 98, 'Po-lang', 'Name of a flower (bombax ceiba) ', 0),
(129, 140, 'Saobien', 'Starfish', 1),
(130, 140, 'De-men', 'A kind of insect, cricket', 0),
(131, 140, 'Samcam', 'A kind of bird', 0),
(132, 152, 'Bori', 'Barley', 1),
(133, 152, 'Daenamu', 'Bamboo', 0),
(134, 152, 'Salgu', 'apricot', 0),
(135, 153, 'Tianma', 'A flying horse in Chinese legend', 1),
(136, 153, 'Honghu', 'A bird in Chinese legend', 0),
(137, 153, 'Feilian', 'Wind lord in Chinese mythology', 0);

-- --------------------------------------------------------

--
-- Cấu trúc bảng cho bảng `typhoonnames`
--

CREATE TABLE `typhoonnames` (
  `id` int(11) NOT NULL,
  `name` varchar(100) NOT NULL,
  `meaning` varchar(255) NOT NULL,
  `position` int(11) NOT NULL,
  `isRetired` tinyint(1) NOT NULL DEFAULT 0,
  `isReplaced` tinyint(1) NOT NULL DEFAULT 0,
  `isLanguageProblem` tinyint(1) NOT NULL DEFAULT 0,
  `note` text DEFAULT NULL,
  `language` varchar(100) NOT NULL,
  `lastYear` int(11) DEFAULT NULL
) ENGINE=InnoDB DEFAULT CHARSET=utf8mb4 COLLATE=utf8mb4_general_ci;

--
-- Đang đổ dữ liệu cho bảng `typhoonnames`
--

INSERT INTO `typhoonnames` (`id`, `name`, `meaning`, `position`, `isRetired`, `isReplaced`, `isLanguageProblem`, `note`, `language`, `lastYear`) VALUES
(1, 'Damrey', 'Elephant', 1, 0, 0, 0, '', 'Khmer', NULL),
(2, 'Longwang', 'Dragon king', 2, 1, 1, 0, '', 'Mandarin Chinese', 2005),
(3, 'Kirogi', 'Wild goose', 3, 0, 0, 0, '', 'Korean', NULL),
(4, 'Kai-tak', 'Name of the old airport', 4, 1, 1, 0, '', 'Cantonese', 2017),
(5, 'Tembin', 'Libra, balance, a weighing device', 5, 1, 1, 0, '', 'Japanese', 2017),
(6, 'Bolaven', 'Plateau in the southern part of Laos', 6, 0, 0, 0, '', 'Laotian', NULL),
(7, 'Chanchu', 'Pearl', 7, 1, 1, 0, '', 'Cantonese', 2006),
(8, 'Jelawat', 'A fresh water fish', 8, 0, 0, 0, '', 'Bahasa Malaysia', NULL),
(9, 'Ewiniar', 'Chuuk traditional storm god', 9, 1, 0, 0, '', 'Chuuk', 2024),
(10, 'Bilis', 'Speed, fleetness', 10, 1, 1, 0, '', 'Tagalog', 2006),
(11, 'Gaemi', 'Ant', 11, 0, 0, 0, '', 'Korean', NULL),
(12, 'Prapiroon', 'God of rain', 12, 0, 0, 0, '', 'Thai', NULL),
(13, 'Maria', 'Chamorro woman\'s name', 13, 0, 0, 0, '', 'Chamorro', NULL),
(14, 'Saomai', 'Star Venus', 14, 1, 1, 0, '', 'Vietnamese', 2006),
(15, 'Bopha', 'Flower/the name of little girl', 15, 1, 1, 0, '', 'Khmer', 2012),
(16, 'Wukong', 'Famous hero in Chinese story', 16, 0, 0, 0, '', 'Mandarin Chinese', NULL),
(17, 'Sonamu', 'Pine tree', 17, 1, 1, 1, 'has the pronunciation similar to tsunami', 'Korean', 2013),
(18, 'Shanshan', 'Name of young girls', 18, 0, 0, 0, '', 'Cantonese', NULL),
(19, 'Yagi', 'Capricorn, goat', 19, 1, 0, 0, '', 'Japanese', 2024),
(20, 'Xangsane', 'Elephant', 20, 1, 1, 0, '', 'Laotian', 2006),
(21, 'Bebinca', 'Macanese milk pudding', 21, 0, 0, 0, '', 'Portuguese', NULL),
(22, 'Rumbia', 'A palm tree that yields sago', 22, 1, 1, 0, '', 'Bahasa Malaysia', 2018),
(23, 'Soulik', 'Traditional Pohnpei chief\'s title', 23, 0, 0, 0, '', 'Pohnpei', NULL),
(24, 'Cimaron', 'Philippine wild ox', 24, 0, 0, 0, '', 'Tagalog', NULL),
(25, 'Jebi', 'Swallow', 25, 1, 0, 1, 'fuck in Croatian', 'Korean', 2024),
(26, 'Durian', 'Favorite fruit of Thai people (Durio zibethinus)', 26, 1, 1, 0, '', 'Thai', 2006),
(27, 'Utor', 'Marshallese word for \"squall line\"', 27, 1, 1, 0, '', 'Marshall', 2013),
(28, 'Trami', 'A kind of tree belonging to the rose family', 28, 1, 0, 0, '', 'Vietnamese', 2024),
(29, 'Kong-rey', 'Pretty girl in Khmer legend/the name of mountain', 29, 1, 0, 0, '', 'Khmer', 2024),
(30, 'Yutu', 'Rabbit in Chinese story', 30, 1, 1, 0, '', 'Mandarin Chinese', 2018),
(31, 'Toraji', 'Broad bell flower', 31, 1, 0, 0, '', 'Korean', 2024),
(32, 'Man-yi', 'Name of a strait, now a reservoir', 32, 1, 0, 0, '', 'Cantonese', 2024),
(33, 'Usagi', 'Lepus, rabbit', 33, 1, 0, 0, '', 'Japanese', 2024),
(34, 'Pabuk', 'Big fresh water fish in Mekong River', 34, 0, 0, 0, '', 'Laotian', NULL),
(35, 'Wutip', 'Butterfly', 35, 0, 0, 0, '', 'Cantonese', NULL),
(36, 'Sepat', 'A fresh water fish with small climbing perch', 36, 0, 0, 0, '', 'Bahasa Malaysia', NULL),
(37, 'Fitow', 'Yapese name for a beautiful fragrant flower', 37, 1, 1, 0, '', 'Yap', 2013),
(38, 'Danas', 'To experience, to feel', 38, 0, 0, 0, '', 'Tagalog', NULL),
(39, 'Nari', 'Lily', 39, 0, 0, 0, '', 'Korean', NULL),
(40, 'Wipha', 'Name of woman', 40, 0, 0, 0, '', 'Thai', NULL),
(41, 'Francisco', 'Chamorro man\'s name', 41, 0, 0, 0, '', 'Chamorro', NULL),
(42, 'Lekima', 'A kind of tree whose fruit has only one seed surrounded by yellow pulp which looks like yolk', 42, 1, 1, 0, '', 'Vietnamese', 2019),
(43, 'Krosa', 'Crane', 43, 0, 0, 0, '', 'Khmer', NULL),
(44, 'Haiyan', 'Petrel', 44, 1, 1, 0, '', 'Mandarin Chinese', 2013),
(45, 'Podul', 'Willow tree', 45, 0, 0, 0, '', 'Korean', NULL),
(46, 'Lingling', 'Name of young girls', 46, 0, 0, 0, '', 'Cantonese', NULL),
(47, 'Kajiki', 'Dorado, spearfish', 47, 0, 0, 0, '', 'Japanese', NULL),
(48, 'Faxai', 'Lady name', 48, 1, 1, 0, '', 'Laotian', 2019),
(49, 'Vamei', 'A song bird with white feathers, popular to feeders', 49, 1, 1, 0, 'closest storm to the equator in history', 'Cantonese', 2001),
(50, 'Tapah', 'A giant fresh water catfish', 50, 0, 0, 0, '', 'Bahasa Malaysia', NULL),
(51, 'Mitag', 'Yap woman\'s name, \"My eyes\"', 51, 0, 0, 0, '', 'Yap', NULL),
(52, 'Hagibis', 'Swift, fast', 52, 1, 1, 0, '', 'Tagalog', 2019),
(53, 'Neoguri', 'Raccoon dog', 53, 0, 0, 0, '', 'Korean', NULL),
(54, 'Rammasun', 'God of thunder', 54, 1, 1, 0, '', 'Thai', 2014),
(55, 'Chataan', 'Chamorro word for \"rainy day\"', 55, 1, 1, 0, '', 'Chamorro', 2002),
(56, 'Halong', 'A beautiful bay in Vietnam', 56, 0, 0, 0, '', 'Vietnamese', NULL),
(57, 'Nakri', 'A kind of flower', 57, 0, 0, 0, '', 'Khmer', NULL),
(58, 'Fengshen', 'God of wind', 58, 0, 0, 0, '', 'Mandarin Chinese', NULL),
(59, 'Kalmaegi', 'Sea gull', 59, 0, 0, 0, '', 'Korean', NULL),
(60, 'Fung-wong', 'Phoenix (name of a peak)', 60, 0, 0, 0, '', 'Cantonese', NULL),
(61, 'Kammuri', 'Corona Borealis, crown', 61, 1, 1, 0, '', 'Japanese', 2019),
(62, 'Phanfone', 'Animal', 62, 1, 1, 0, '', 'Laotian', 2019),
(63, 'Vongfong', 'Wasp', 63, 1, 1, 0, '', 'Cantonese', 2020),
(64, 'Rusa', 'Deer', 64, 1, 1, 0, '', 'Bahasa Malaysia', 2002),
(65, 'Sinlaku', 'Kosrae legendary goddess', 65, 0, 0, 0, '', 'Kosrae', NULL),
(66, 'Hagupit', 'Lash, flog', 66, 0, 0, 0, '', 'Tagalog', NULL),
(67, 'Jangmi', 'Rose', 67, 0, 0, 0, '', 'Korean', NULL),
(68, 'Mekkhala', 'Angel of thunder', 68, 0, 0, 0, '', 'Thai', NULL),
(69, 'Higos', 'Chamorro word for \"fig\"', 69, 0, 0, 0, '', 'Chamorro', NULL),
(70, 'Bavi', 'A mountain chain in northern Vietnam', 70, 0, 0, 0, '', 'Vietnamese', NULL),
(71, 'Maysak', 'A kind of tree', 71, 0, 0, 0, '', 'Khmer', NULL),
(72, 'Haishen', 'God of sea', 72, 0, 0, 0, '', 'Mandarin Chinese', NULL),
(73, 'Pongsona', 'Beautiful flower (Touch-me-not or balsam) specially loved by Korean women from ancient time for its fairy shyness and tender feeling', 73, 1, 1, 0, '', 'Korean', 2002),
(74, 'Yanyan', 'Name of young girl', 74, 1, 1, 1, 'resubmitted name following a storm naming contest in Hong Kong', 'Cantonese', 2003),
(75, 'Kujira', 'Cetus, whale', 75, 0, 0, 0, '', 'Japanese', NULL),
(76, 'Chan-hom', 'A kind of tree', 76, 0, 0, 0, '', 'Laotian', NULL),
(77, 'Linfa', 'Lotus', 77, 1, 1, 0, '', 'Cantonese', 2020),
(78, 'Nangka', 'Jackfruit', 78, 0, 0, 0, '', 'Bahasa Malaysia', NULL),
(79, 'Soudelor', 'Legendary Pohnpei chief', 79, 1, 1, 0, '', 'Pohnpei', 2015),
(80, 'Imbudo', 'Funnel, downspout', 80, 1, 1, 0, '', 'Tagalog', 2003),
(81, 'Goni', 'Swan', 81, 1, 1, 0, '', 'Korean', 2020),
(82, 'Morakot', 'Emerald', 82, 1, 1, 0, '', 'Thai', 2009),
(83, 'Etau', 'Palauan word for \"storm cloud\"', 83, 0, 0, 0, '', 'Palau', NULL),
(84, 'Vamco', 'A river in southern Vietnam', 84, 1, 1, 0, '', 'Vietnamese', 2020),
(85, 'Krovanh', 'A kind of tree', 85, 0, 0, 0, '', 'Khmer', NULL),
(86, 'Dujuan', 'Azalea', 86, 0, 0, 0, '', 'Mandarin Chinese', NULL),
(87, 'Maemi', 'Cicada', 87, 1, 1, 0, '', 'Korean', 2003),
(88, 'Choi-wan', 'Colorful cloud', 88, 0, 0, 0, '', 'Cantonese', NULL),
(89, 'Koppu', 'Crater, cup', 89, 1, 1, 0, '', 'Japanese', 2015),
(90, 'Ketsana', 'A kind of perfumed tree', 90, 1, 1, 0, '', 'Laotian', 2009),
(91, 'Parma', 'Macanese food (ham with chicken livers and mushrooms)', 91, 1, 1, 0, '', 'Portuguese', 2009),
(92, 'Melor', 'Jasmine flower', 92, 1, 1, 0, '', 'Bahasa Malaysia', 2015),
(93, 'Nepartak', 'Famous Kosrae warrior', 93, 0, 0, 0, '', 'Kosrae', NULL),
(94, 'Lupit', 'Cruel, viciousness', 94, 0, 0, 0, '', 'Tagalog', NULL),
(95, 'Sudal', 'Otter', 95, 1, 1, 0, '', 'Korean', 2004),
(96, 'Nida', 'Name of woman', 96, 0, 0, 0, '', 'Thai', NULL),
(97, 'Omais', 'Palauan word for \"wandering around\"', 97, 0, 0, 0, '', 'Palau', NULL),
(98, 'Conson', 'A historical place', 98, 1, 1, 0, '', 'Vietnamese', 2021),
(99, 'Chanthu', 'A kind of flower', 99, 0, 0, 0, '', 'Khmer', NULL),
(100, 'Dianmu', 'Mother of lightning', 100, 0, 0, 0, '', 'Mandarin Chinese', NULL),
(101, 'Mindulle', 'Dandelion', 101, 0, 0, 0, '', 'Korean', NULL),
(102, 'Tingting', 'Name of young girl', 102, 1, 1, 1, 'resubmitted name following a storm naming contest in Hong Kong', 'Cantonese', 2004),
(103, 'Kompasu', 'Circinus, a V-shaped device for describing circles or circular arcs', 103, 1, 1, 0, '', 'Japanese', 2021),
(104, 'Namtheun', 'River, which is one of the tributaries of Mekong River', 104, 0, 0, 0, '', 'Laotian', NULL),
(105, 'Malou', 'Agate', 105, 0, 0, 0, '', 'Cantonese', NULL),
(106, 'Meranti', 'A type of tree', 106, 1, 1, 0, '', 'Bahasa Malaysia', 2016),
(107, 'Rananim', 'Chuukese word for \"Hello\"', 107, 1, 1, 0, '', 'Chuuk', 2004),
(108, 'Malakas', 'Strong, powerful', 108, 1, 1, 1, 'a man who masturbate in Greek', 'Tagalog', 2022),
(109, 'Megi', 'Catfish', 109, 1, 1, 0, '', 'Korean', 2022),
(110, 'Chaba', 'Tropical flower (the shoeflower, genus hibiscus)', 110, 0, 0, 0, '', 'Thai', NULL),
(111, 'Aere', 'A storm', 111, 0, 0, 0, '', 'Marshall', NULL),
(112, 'Songda', 'A river in northwestern Vietnam', 112, 0, 0, 0, '', 'Vietnamese', NULL),
(113, 'Sarika', 'Singing bird', 113, 1, 1, 0, '', 'Khmer', 2016),
(114, 'Haima', 'Sea horse', 114, 1, 1, 0, '', 'Mandarin Chinese', 2016),
(115, 'Meari', 'Reflection of sound or echo', 115, 0, 0, 0, '', 'Korean', NULL),
(116, 'Ma-on', 'Horse saddle (name of a peak)', 116, 1, 1, 0, '', 'Cantonese', 2022),
(117, 'Tokage', 'Lacerta, lizard', 117, 0, 0, 0, '', 'Japanese', NULL),
(118, 'Nock-ten', 'Bird', 118, 1, 1, 0, '', 'Laotian', 2016),
(119, 'Muifa', 'Plum blossom', 119, 0, 0, 0, '', 'Cantonese', NULL),
(120, 'Merbok', 'A type of bird', 120, 0, 0, 0, '', 'Bahasa Malaysia', NULL),
(121, 'Nanmadol', 'A famous Pohnpei ruin, the \"Venice of the Pacific\"', 121, 0, 0, 0, '', 'Pohnpei', NULL),
(122, 'Talas', 'Sharpness, acuteness', 122, 0, 0, 0, '', 'Tagalog', NULL),
(123, 'Noru', 'Roe deer', 123, 1, 1, 0, '', 'Korean', 2022),
(124, 'Kulap', 'Rose', 124, 0, 0, 0, '', 'Thai', NULL),
(125, 'Roke', 'Chamorro man\'s name', 125, 0, 0, 0, '', 'Chamorro', NULL),
(126, 'Sonca', 'A singing bird', 126, 0, 0, 0, '', 'Vietnamese', NULL),
(127, 'Nesat', 'Fishing', 127, 0, 0, 0, '', 'Khmer', NULL),
(128, 'Haitang', 'Chinese flowering crabapple', 128, 0, 0, 0, '', 'Mandarin Chinese', NULL),
(129, 'Nalgae', 'Wing', 129, 1, 1, 0, '', 'Korean', 2022),
(130, 'Banyan', 'A kind of tree', 130, 0, 0, 0, '', 'Cantonese', NULL),
(131, 'Washi', 'Aquila, eagle', 131, 1, 1, 0, '', 'Japanese', 2011),
(132, 'Matsa', 'Lady fish', 132, 1, 1, 0, '', 'Laotian', 2005),
(133, 'Sanvu', 'Coral', 133, 0, 0, 0, '', 'Cantonese', NULL),
(134, 'Mawar', 'Rose', 134, 0, 0, 0, '', 'Bahasa Malaysia', NULL),
(135, 'Guchol', 'Yapese word for the spice turmeric', 135, 0, 0, 0, '', 'Yap', NULL),
(136, 'Talim', 'Sharp or cutting edge', 136, 0, 0, 0, '', 'Tagalog', NULL),
(137, 'Nabi', 'Butterfly', 137, 1, 1, 1, 'prophet in Arabic', 'Korean', 2005),
(138, 'Khanun', 'Thai fruit (Jackfruit)', 138, 0, 0, 0, '', 'Thai', NULL),
(139, 'Vicente', 'Chamorro man\'s name', 139, 1, 1, 1, 'has the same name in Eastern Pacific basin', 'Chamorro', 2012),
(140, 'Saola', 'An animal recently found in Vietnam', 140, 1, 1, 0, '', 'Vietnamese', 2023),
(141, 'Peipah', 'A popular pet fish in Macao', 49, 0, 0, 0, '', 'Cantonese', NULL),
(142, 'Matmo', 'Heavy rain', 55, 0, 0, 0, '', 'Chamorro', NULL),
(143, 'Nuri', 'Blue crowned parroquet in the Malay language', 64, 0, 0, 0, '', 'Bahasa Malaysia', NULL),
(144, 'Noul', 'Glows, red sky', 73, 0, 0, 0, '', 'Korean', NULL),
(145, 'Dolphin', 'A Chinese white dolphin which lives in HK waters, and also a mascot of HK', 74, 0, 0, 0, '', 'English', NULL),
(146, 'Molave', 'A popular hard wood used in furniture', 80, 1, 1, 0, '', 'Tagalog', 2020),
(147, 'Mujigae', 'Rainbow', 87, 1, 1, 0, '', 'Korean', 2015),
(148, 'Mirinae', 'Milky way', 95, 0, 0, 0, '', 'Jeju', NULL),
(149, 'Lionrock', 'Name of a peak in HK, which overlooks Kowloon Peninsula', 102, 0, 0, 0, '', 'English', NULL),
(150, 'Fanapi', 'Small atoll islands, sandy islands', 107, 1, 1, 0, '', 'Chuuk', 2010),
(151, 'Pakhar', 'A fresh water fish, which lives in lower Mekong River', 132, 0, 0, 0, '', 'Laotian', NULL),
(152, 'Doksuri', 'Eagle', 137, 1, 1, 0, '', 'Korean', 2023),
(153, 'Haikui', 'A kind of submarine animal whose appearance likes sunflower', 2, 1, 1, 0, '', 'Mandarin Chinese', 2023),
(154, 'Sanba', 'Place name in Macao', 7, 0, 0, 0, '', 'Cantonese, từ Portuguese', NULL),
(155, 'Maliksi', 'Filipino adjective which means fast', 10, 0, 0, 0, '', 'Tagalog', NULL),
(156, 'Son-Tinh', 'God of mountain in Vietnamese myth', 14, 0, 0, 0, '', 'Vietnamese', NULL),
(157, 'Leepi', 'The most beautiful waterfall in the end of Southern of Laos', 20, 0, 0, 0, '', 'Laotian', NULL),
(158, 'Mangkhut', 'Mangosteen, a kind of fruits', 26, 1, 1, 0, '', 'Thai', 2018),
(159, 'Atsani', 'Lightening flash', 82, 0, 0, 0, '', 'Thai', NULL),
(160, 'Champi', 'Red jasmine flower', 90, 0, 0, 0, '', 'Laotian', NULL),
(161, 'In-fa', 'Fireworks', 91, 0, 0, 0, '', 'Cantonese', NULL),
(162, 'Rai', 'Stone money of Yap', 107, 1, 1, 0, '', 'Yap', 2021),
(163, 'Hato', 'Columba, pigeon', 131, 1, 1, 0, '', 'Japanese', 2017),
(164, 'Lan', 'Marshallese for storm', 139, 0, 0, 0, '', 'Marshall', NULL),
(165, 'Ampil', 'Tamarind', 15, 0, 0, 0, '', 'Khmer', NULL),
(166, 'Jongdari', 'Skylark', 17, 0, 0, 0, '', 'Korean', NULL),
(167, 'Barijat', 'Marshallese for coastal areas impacted by waves/winds', 27, 0, 0, 0, '', 'Marshall', NULL),
(168, 'Mun', 'Yapese for month of June', 37, 0, 0, 0, '', 'Yap', NULL),
(169, 'Bailu', 'A white deer, which stands for auspiciousness in Chinese language', 44, 0, 0, 0, '', 'Mandarin Chinese', NULL),
(170, 'Bualoi', 'A kind of Thai dessert', 54, 0, 0, 0, '', 'Thai', NULL),
(171, 'Saudel', 'Chief Soudelor\'s trusted guard/soldier', 79, 0, 0, 0, '', 'Pohnpei', NULL),
(172, 'Surigae', 'A kind of eagles', 87, 0, 0, 0, '', 'Korean', NULL),
(173, 'Koguma', 'Ursa Minor, little bear', 89, 0, 0, 0, '', 'Japanese', NULL),
(174, 'Cempaka', 'Plant that known for its fragrant flowers', 92, 0, 0, 0, '', 'Bahasa Malaysia', NULL),
(175, 'Nyatoh', 'A type of tree', 106, 0, 0, 0, '', 'Bahasa Malaysia', NULL),
(176, 'Trases', 'Woodpecker', 113, 0, 0, 0, '', 'Khmer', NULL),
(177, 'Mulan', 'A kind of flower', 114, 0, 0, 0, '', 'Mandarin Chinese', NULL),
(178, 'Hinnamnor', 'Name of the National Protected Area', 118, 1, 1, 0, '', 'Laotian', 2022),
(179, 'Yamaneko', 'Lynx, wildcat', 131, 0, 0, 0, '', 'Japanese', NULL),
(180, 'Yun-yeung', 'A species of duck (Aix galericulata), also the vernacular name of a popular drink in Hong Kong prepared by mixing tea with coffee', 4, 0, 0, 0, '', 'Cantonese', NULL),
(181, 'Koinu', 'Canis Minor, puppy', 5, 0, 0, 0, '', 'Japanese', NULL),
(182, 'Pulasan', 'A kind of fruit, nephelium mutabile', 22, 0, 0, 0, '', 'Bahasa Malaysia', NULL),
(183, 'Krathon', 'A kind of fruit, santol', 26, 1, 0, 0, '', 'Thai', 2024),
(184, 'Yinxing', 'A kind of tree', 30, 0, 0, 0, '', 'Mandarin Chinese', NULL),
(185, 'Co-may', 'A kind of grass (chrysopogon aciculatus)', 42, 0, 0, 0, '', 'Vietnamese', NULL),
(186, 'Nongfa', 'Name of a volcanic crater lake in Laos PDR, naming Blue lake', 48, 0, 0, 0, '', 'Laotian', NULL),
(187, 'Ragasa', 'Sudden quickening of movement', 52, 0, 0, 0, '', 'Tagalog', NULL),
(188, 'Koto', 'Lyra, harp', 61, 0, 0, 0, '', 'Japanese', NULL),
(189, 'Nokaen', 'Name of bird, swallow', 62, 0, 0, 0, '', 'Laotian', NULL),
(190, 'Penha', 'Place name in Macao, China', 63, 0, 0, 0, '', 'Portuguese', NULL),
(191, 'Peilou', 'Name of bird', 77, 0, 0, 0, '', 'Cantonese', NULL),
(192, 'Narra', 'A kind of tree (pterocarpus)', 80, 0, 0, 0, '', 'Tagalog', NULL),
(193, 'Gaenari', 'A kind of flower (forsythias)', 81, 0, 0, 0, '', 'Korean', NULL),
(194, 'Bang-Lang', 'A kind of flower', 84, 0, 0, 0, '', 'Vietnamese', NULL),
(195, 'Luc-binh', 'A kind of flower', 98, 0, 0, 0, '', 'Vietnamese', NULL),
(196, 'Tokei', 'Horologium, clock', 103, 0, 0, 0, '', 'Japanese', NULL),
(197, 'Sarbul', 'Monsoon, rainy season', 107, 0, 0, 0, '', 'Yap', NULL),
(198, 'Amuyao', 'A mountain in Mountain Province, Philippines', 108, 0, 0, 0, '', 'Tagalog', NULL),
(199, 'Gosari', 'Bracken', 109, 0, 0, 0, '', 'Korean', NULL),
(200, 'Tsing-ma', 'A landmark bridge connecting the airport and urban areas in Hong Kong', 116, 0, 0, 0, '', 'Cantonese', NULL),
(201, 'Ong-mang', 'Eld’s Deer', 118, 0, 0, 0, '', 'Laotian', NULL),
(202, 'Hodu', 'Walnut', 123, 0, 0, 0, '', 'Korean', NULL),
(203, 'Jamjari', 'A dragonfly', 129, 0, 0, 0, '', 'Korean', NULL),
(204, 'Bori', 'Barley', 137, 0, 0, 0, '', 'Korean', NULL),
(205, 'Saobien', 'Sea star', 140, 0, 0, 0, '', 'Vietnamese', NULL),
(206, 'Tianma', 'A flying horse in Chinese legend', 2, 0, 0, 0, '', 'Mandarin Chinese', NULL);

--
-- Chỉ mục cho các bảng đã đổ
--

--
-- Chỉ mục cho bảng `positions`
--
ALTER TABLE `positions`
  ADD PRIMARY KEY (`id`);

--
-- Chỉ mục cho bảng `storms`
--
ALTER TABLE `storms`
  ADD PRIMARY KEY (`id`),
  ADD KEY `position` (`position`);

--
-- Chỉ mục cho bảng `suggestednames`
--
ALTER TABLE `suggestednames`
  ADD PRIMARY KEY (`id`),
  ADD KEY `nameId` (`nameId`);

--
-- Chỉ mục cho bảng `typhoonnames`
--
ALTER TABLE `typhoonnames`
  ADD PRIMARY KEY (`id`),
  ADD KEY `position` (`position`);

--
-- AUTO_INCREMENT cho các bảng đã đổ
--

--
-- AUTO_INCREMENT cho bảng `positions`
--
ALTER TABLE `positions`
  MODIFY `id` int(11) NOT NULL AUTO_INCREMENT, AUTO_INCREMENT=143;

--
-- AUTO_INCREMENT cho bảng `storms`
--
ALTER TABLE `storms`
  MODIFY `id` int(11) NOT NULL AUTO_INCREMENT, AUTO_INCREMENT=633;

--
-- AUTO_INCREMENT cho bảng `suggestednames`
--
ALTER TABLE `suggestednames`
  MODIFY `id` int(11) NOT NULL AUTO_INCREMENT, AUTO_INCREMENT=138;

--
-- AUTO_INCREMENT cho bảng `typhoonnames`
--
ALTER TABLE `typhoonnames`
  MODIFY `id` int(11) NOT NULL AUTO_INCREMENT, AUTO_INCREMENT=207;

--
-- Các ràng buộc cho các bảng đã đổ
--

--
-- Các ràng buộc cho bảng `storms`
--
ALTER TABLE `storms`
  ADD CONSTRAINT `storms_ibfk_1` FOREIGN KEY (`position`) REFERENCES `positions` (`id`) ON UPDATE CASCADE;

--
-- Các ràng buộc cho bảng `suggestednames`
--
ALTER TABLE `suggestednames`
  ADD CONSTRAINT `suggestednames_ibfk_1` FOREIGN KEY (`nameId`) REFERENCES `typhoonnames` (`id`) ON DELETE CASCADE ON UPDATE CASCADE;

--
-- Các ràng buộc cho bảng `typhoonnames`
--
ALTER TABLE `typhoonnames`
  ADD CONSTRAINT `typhoonnames_ibfk_1` FOREIGN KEY (`position`) REFERENCES `positions` (`id`) ON UPDATE CASCADE;
COMMIT;

/*!40101 SET CHARACTER_SET_CLIENT=@OLD_CHARACTER_SET_CLIENT */;
/*!40101 SET CHARACTER_SET_RESULTS=@OLD_CHARACTER_SET_RESULTS */;
/*!40101 SET COLLATION_CONNECTION=@OLD_COLLATION_CONNECTION */;
